{"cameraMode":{"drawMode":0,"name":"Shaded","section":"Shading Mode"},"sceneLighting":false,"audioPlay":false,"sceneViewState":{"showFog":true,"showMaterialUpdate":false,"showSkybox":false,"showFlares":true,"showImageEffects":true,"showParticleSystems":true},"in2DMode":false,"pivot":{"x":-2.7726006507873537,"y":0.9526342749595642,"z":126.87731170654297},"rotation":{"x":-0.020023085176944734,"y":0.9787149429321289,"z":-0.16932223737239839,"w":-0.11562519520521164},"size":1.2445578575134278,"orthographic":false}